column,gen,ori
diar_No,0.999939662,0.968322341
diar_Yes,6.03E-05,0.031677659
head_No,0.999778761,0.881327288
head_Yes,0.000221239,0.118672712