model,ori,gen
LR,0.004709076,0.003962425
KNR1,0.004520324,0.002455134
DTR,0.006482712,0.001868156