model,ori,gen
LR,414.7449076,574.4255815
DTR,787.9496168,749.2039576
SVM,448.2598754,666.0337655
RFR,413.0120495,383.7052595
KNR1,432.5960655,476.0638392
KNR5,432.5960655,476.0638392