column,test_loss_real,test_metric_real,test_loss_syn,test_metric_syn
ab_pain_dur,0.005936171,0.000574032,0.002793006,0.000953755
age,0.01590205,0.002155992,0.013974041,0.00465546
aneroxia_dur,0.001408987,0.001087314,0.001659964,0.000828945
plasmodium_density,0.001103396,0.000180493,0.00072527,0.000258779
cough_dur,0.009210049,0.002237396,0.002315828,0.000611766
diarrhea_dur,0.001924036,0.001404907,0.00187787,0.001358215
fatigue_dur,0.00087023,0.000339194,0.001766053,0.001133724