test,test_loss_real,test_metric_real,test_loss_syn,test_metric_syn
ab_pain_dur,0.034532417,0.005493133,0.125797257,0.019903261
age,2.213279724,0.323595226,2.107593775,0.331349283
aneroxia_dur,0.012505243,0.00184078,0.102363847,0.017093487